{
  "Profiles": [
    {
      "ASCII Anti Aliased": true,
      "ASCII Ligatures": true,
      "Ambiguous Double Width": false,
      "Ansi 0 Color": {
        "Alpha Component": 1,
        "Blue Component": 0.13333333333333333,
        "Color Space": "sRGB",
        "Green Component": 0.13333333333333333,
        "Red Component": 0.13333333333333333
      },
      "Ansi 1 Color": {
        "Alpha Component": 1,
        "Blue Component": 0.14117647707462311,
        "Color Space": "sRGB",
        "Green Component": 0.3151092529296875,
        "Red Component": 0.89411765336990356
      },
      "Ansi 10 Color": {
        "Alpha Component": 1,
        "Blue Component": 0.30588235294117649,
        "Color Space": "sRGB",
        "Green Component": 0.61568627450980395,
        "Red Component": 0.35686274509803922
      },
      "Ansi 11 Color": {
        "Alpha Component": 1,
        "Blue Component": 0.0078431372549019607,
        "Color Space": "sRGB",
        "Green Component": 0.68235294117647061,
        "Red Component": 0.97647058823529409
      },
      "Ansi 12 Color": {
        "Alpha Component": 1,
        "Blue Component": 0.81568627450980391,
        "Color Space": "sRGB",
        "Green Component": 0.59999999999999998,
        "Red Component": 0
      },
      "Ansi 13 Color": {
        "Alpha Component": 1,
        "Blue Component": 0.55294117647058827,
        "Color Space": "sRGB",
        "Green Component": 0,
        "Red Component": 0.40000000000000002
      },
      "Ansi 14 Color": {
        "Alpha Component": 1,
        "Blue Component": 0.69803921568627447,
        "Color Space": "sRGB",
        "Green Component": 0.65098039215686276,
        "Red Component": 0
      },
      "Ansi 15 Color": {
        "Alpha Component": 1,
        "Blue Component": 0.46666666666666667,
        "Color Space": "sRGB",
        "Green Component": 0.46666666666666667,
        "Red Component": 0.46666666666666667
      },
      "Ansi 2 Color": {
        "Alpha Component": 1,
        "Blue Component": 0.30792236328125,
        "Color Space": "sRGB",
        "Green Component": 0.6186065673828125,
        "Red Component": 0.3592987060546875
      },
      "Ansi 3 Color": {
        "Alpha Component": 1,
        "Blue Component": 0.0078431372549019607,
        "Color Space": "sRGB",
        "Green Component": 0.68235294117647061,
        "Red Component": 0.97647058823529409
      },
      "Ansi 4 Color": {
        "Alpha Component": 1,
        "Blue Component": 0.8184661865234375,
        "Color Space": "sRGB",
        "Green Component": 0.60296630859375,
        "Red Component": 0
      },
      "Ansi 5 Color": {
        "Alpha Component": 1,
        "Blue Component": 0.55294117647058827,
        "Color Space": "sRGB",
        "Green Component": 0,
        "Red Component": 0.40000000000000002
      },
      "Ansi 6 Color": {
        "Alpha Component": 1,
        "Blue Component": 0.69803921568627447,
        "Color Space": "sRGB",
        "Green Component": 0.65098039215686276,
        "Red Component": 0
      },
      "Ansi 7 Color": {
        "Alpha Component": 1,
        "Blue Component": 0.46666666666666667,
        "Color Space": "sRGB",
        "Green Component": 0.46666666666666667,
        "Red Component": 0.46666666666666667
      },
      "Ansi 8 Color": {
        "Alpha Component": 1,
        "Blue Component": 0.13333333333333333,
        "Color Space": "sRGB",
        "Green Component": 0.13333333333333333,
        "Red Component": 0.13333333333333333
      },
      "Ansi 9 Color": {
        "Alpha Component": 1,
        "Blue Component": 0.14117647058823529,
        "Color Space": "sRGB",
        "Green Component": 0.31372549019607843,
        "Red Component": 0.89411764705882357
      },
      "BM Growl": true,
      "Background Color": {
        "Alpha Component": 1,
        "Blue Component": 1,
        "Color Space": "sRGB",
        "Green Component": 1,
        "Red Component": 1
      },
      "Background Image Location": "",
      "Blink Allowed": false,
      "Blinking Cursor": false,
      "Blur": true,
      "Blur Radius": 11.18158522862468,
      "Bold Color": {
        "Alpha Component": 1,
        "Blue Component": 0.46666666666666667,
        "Color Space": "sRGB",
        "Green Component": 0.46666666666666667,
        "Red Component": 0.46666666666666667
      },
      "Bound Hosts": [],
      "Brighten Bold Text": false,
      "Character Encoding": 4,
      "Close Sessions On End": true,
      "Columns": 191,
      "Command": "",
      "Cursor Color": {
        "Alpha Component": 1,
        "Blue Component": 0.878814697265625,
        "Color Space": "sRGB",
        "Green Component": 0.59607845544815063,
        "Red Component": 0.098039217293262482
      },
      "Cursor Text Color": {
        "Alpha Component": 1,
        "Blue Component": 0.46666666666666667,
        "Color Space": "sRGB",
        "Green Component": 0.46666666666666667,
        "Red Component": 0.46666666666666667
      },
      "Custom Command": "No",
      "Custom Directory": "Recycle",
      "Default Bookmark": "No",
      "Description": "Default",
      "Disable Window Resizing": true,
      "Draw Powerline Glyphs": false,
      "Dynamic Profile Filename": "/Users/fnando/Library/Application Support/iTerm2/DynamicProfiles/iterm-light.json",
      "Flashing Bell": false,
      "Foreground Color": {
        "Alpha Component": 1,
        "Blue Component": 0.13333333333333333,
        "Color Space": "sRGB",
        "Green Component": 0.13333333333333333,
        "Red Component": 0.13333333333333333
      },
      "Guid": "43BDAE23-2A8F-4AD8-8260-4AC4887232FB",
      "Has Hotkey": false,
      "Horizontal Spacing": 1,
      "Icon": 0,
      "Idle Code": 0,
      "Initial Use Transparency": false,
      "Jobs to Ignore": ["rlogin", "ssh", "slogin", "telnet"],
      "Keyboard Map": {
        "0x2a-0x200000": {
          "Action": 12,
          "Text": "*"
        },
        "0x2b-0x200000": {
          "Action": 12,
          "Text": "+"
        },
        "0x2d-0x200000": {
          "Action": 12,
          "Text": "-"
        },
        "0x2e-0x200000": {
          "Action": 12,
          "Text": "."
        },
        "0x2f-0x200000": {
          "Action": 12,
          "Text": "/"
        },
        "0x3-0x200000": {
          "Action": 11,
          "Text": "0xd"
        },
        "0x30-0x200000": {
          "Action": 12,
          "Text": "0"
        },
        "0x31-0x200000": {
          "Action": 12,
          "Text": "1"
        },
        "0x32-0x200000": {
          "Action": 12,
          "Text": "2"
        },
        "0x33-0x200000": {
          "Action": 12,
          "Text": "3"
        },
        "0x34-0x200000": {
          "Action": 12,
          "Text": "4"
        },
        "0x35-0x200000": {
          "Action": 12,
          "Text": "5"
        },
        "0x36-0x200000": {
          "Action": 12,
          "Text": "6"
        },
        "0x37-0x200000": {
          "Action": 12,
          "Text": "7"
        },
        "0x38-0x200000": {
          "Action": 12,
          "Text": "8"
        },
        "0x39-0x200000": {
          "Action": 12,
          "Text": "9"
        },
        "0x7f-0x100000": {
          "Action": 11,
          "Text": "0x15"
        },
        "0x7f-0x80000": {
          "Action": 11,
          "Text": "0x1b 0x7f"
        },
        "0xf702-0x240000": {
          "Action": 10,
          "Text": "b"
        },
        "0xf702-0x280000": {
          "Action": 10,
          "Text": "b"
        },
        "0xf702-0x300000": {
          "Action": 11,
          "Text": "0x1"
        },
        "0xf703-0x240000": {
          "Action": 10,
          "Text": "f"
        },
        "0xf703-0x280000": {
          "Action": 10,
          "Text": "f"
        },
        "0xf703-0x300000": {
          "Action": 11,
          "Text": "0x5"
        },
        "0xf728-0x0": {
          "Action": 11,