{
  "Profiles": [
    {
      "Right Option Key Sends": 0,
      "Tags": [],
      "Ansi 12 Color": {
        "Red Component": 0,
        "Color Space": "sRGB",
        "Blue Component": 0.81568627450980391,
        "Alpha Component": 1,
        "Green Component": 0.59999999999999998
      },
      "Ansi 5 Color": {
        "Red Component": 0.40000000000000002,
        "Color Space": "sRGB",
        "Blue Component": 0.55294117647058827,
        "Alpha Component": 1,
        "Green Component": 0
      },
      "Draw Powerline Glyphs": false,
      "Bold Color": {
        "Red Component": 0.46666666666666667,
        "Color Space": "sRGB",
        "Blue Component": 0.46666666666666667,
        "Alpha Component": 1,
        "Green Component": 0.46666666666666667
      },
      "Ansi 1 Color": {
        "Red Component": 0.89411765336990356,
        "Color Space": "sRGB",
        "Blue Component": 0.14117647707462311,
        "Alpha Component": 1,
        "Green Component": 0.3151092529296875
      },
      "Normal Font": "JetBrainsMonoNFP-Medium 16",
      "Ansi 2 Color": {
        "Red Component": 0.3592987060546875,
        "Color Space": "sRGB",
        "Blue Component": 0.30792236328125,
        "Alpha Component": 1,
        "Green Component": 0.8459625244140625
      },
      "Rows": 44,
      "Default Bookmark": "No",
      "Horizontal Spacing": 1,
      "Ansi 4 Color": {
        "Red Component": 0,
        "Color Space": "sRGB",
        "Blue Component": 0.8018798828125,
        "Alpha Component": 1,
        "Green Component": 0.7016754150390625
      },
      "Non-ASCII Anti Aliased": true,
      "Use Bright Bold": true,
      "Ansi 10 Color": {
        "Red Component": 0.35686274509803922,
        "Color Space": "sRGB",
        "Blue Component": 0.30588235294117649,
        "Alpha Component": 1,
        "Green Component": 0.61568627450980395
      },
      "Icon": 0,
      "Ambiguous Double Width": false,
      "Jobs to Ignore": ["rlogin", "ssh", "slogin", "telnet"],
      "Show Status Bar": false,
      "Ansi 15 Color": {
        "Red Component": 0.46666666666666667,
        "Color Space": "sRGB",
        "Blue Component": 0.46666666666666667,
        "Alpha Component": 1,
        "Green Component": 0.46666666666666667
      },
      "Foreground Color": {
        "Red Component": 0.550689697265625,
        "Color Space": "sRGB",
        "Blue Component": 0.57159423828125,
        "Alpha Component": 1,
        "Green Component": 0.55889892578125
      },
      "Bound Hosts": [],
      "Working Directory": "/Users/fnando",
      "Blinking Cursor": false,
      "Disable Window Resizing": true,
      "Sync Title": false,
      "Prompt Before Closing 2": false,
      "BM Growl": true,
      "Mouse Reporting": true,
      "Command": "",
      "Description": "Default",
      "Screen": -1,
      "Selection Color": {
        "Green Component": 0.8353000283241272,
        "Blue Component": 1,
        "Red Component": 0.70980000495910645
      },
      "Columns": 191,
      "Idle Code": 0,
      "Ansi 13 Color": {
        "Red Component": 0.40000000000000002,
        "Color Space": "sRGB",
        "Blue Component": 0.55294117647058827,
        "Alpha Component": 1,
        "Green Component": 0
      },
      "Brighten Bold Text": true,
      "Custom Command": "No",
      "ASCII Anti Aliased": true,
      "Non Ascii Font": "Monaco 12",
      "Vertical Spacing": 1.1000000000000001,
      "Use Bold Font": false,
      "Option Key Sends": 0,
      "Selected Text Color": {
        "Green Component": 0,
        "Blue Component": 0,
        "Red Component": 0
      },
      "Background Color": {
        "Red Component": 0.050980392156862744,
        "Color Space": "sRGB",
        "Blue Component": 0.16862745098039217,
        "Alpha Component": 1,
        "Green Component": 0.050980392156862744
      },
      "Character Encoding": 4,
      "Ansi 11 Color": {
        "Red Component": 0.97647058823529409,
        "Color Space": "sRGB",
        "Blue Component": 0.0078431372549019607,
        "Alpha Component": 1,
        "Green Component": 0.68235294117647061
      },
      "Thin Strokes": 0,
      "Use Italic Font": false,
      "Unlimited Scrollback": true,
      "Keyboard Map": {
        "0xf728-0x80000": {
          "Text": "d",
          "Action": 10
        },
        "0xf702-0x280000": {
          "Text": "b",
          "Action": 10
        },
        "0xf70d-0x20000": {
          "Text": "[21;2~",
          "Action": 10
        },
        "0x7f-0x80000": {
          "Text": "0x1b 0x7f",
          "Action": 11
        },
        "0xf708-0x20000": {
          "Text": "[15;2~",
          "Action": 10
        },
        "0x33-0x40000": {
          "Text": "0x1b",
          "Action": 11
        },
        "0xf703-0x260000": {
          "Text": "[1;6C",
          "Action": 10
        },
        "0xf729-0x20000": {
          "Text": "[1;2H",
          "Action": 10
        },
        "0xf702-0x260000": {
          "Text": "[1;6D",
          "Action": 10
        },
        "0x38-0x40000": {
          "Text": "0x7f",
          "Action": 11
        },
        "0xf72b-0x40000": {
          "Text": "[1;5F",
          "Action": 10
        },
        "0xf70c-0x20000": {
          "Text": "[20;2~",
          "Action": 10
        },
        "0xf701-0x260000": {
          "Text": "[1;6B",
          "Action": 10
        },
        "0x32-0x40000": {
          "Text": "0x00",
          "Action": 11
        },
        "0xf707-0x20000": {
          "Text": "[1;2S",
          "Action": 10
        },
        "0xf703-0x240000": {
          "Action": 10,
          "Text": "f"
        },
        "0xf700-0x260000": {
          "Text": "[1;6A",
          "Action": 10
        },
        "0xf702-0x240000": {
          "Action": 10,
          "Text": "b"
        },
        "0xf703-0x300000": {
          "Text": "0x5",
          "Action": 11
        },
        "0x37-0x40000": {
          "Text": "0x1f",
          "Action": 11
        },
        "0x3-0x200000": {
          "Text": "0xd",
          "Action": 11
        },
        "0xf701-0x240000": {
          "Text": "[1;5B",
          "Action": 10
        },
        "0xf702-0x300000": {
          "Text": "0x1",
          "Action": 11
        },
        "0xf703-0x220000": {
          "Text": "[1;2C",
          "Action": 10
        },
        "0xf739-0x0": {
          "Text": "",
          "Action": 13
        },
        "0xf70b-0x20000": {
          "Text": "[19;2~",
          "Action": 10
        },
        "0xf728-0x0": {
          "Text": "0x4",
          "Action": 11
        },
        "0xf706-0x20000": {
          "Text": "[1;2R",
          "Action": 10
        },
        "0xf700-0x240000": {
          "Text": "[1;5A",
          "Action": 10
        },
        "0xf702-0x220000": {
          "Text": "[1;2D",
          "Action": 10
        },
        "0x36-0x40000": {
          "Text": "0x1e",
          "Action": 11
        },
        "0xf70f-0x20000": {
          "Text": "[24;2~",
          "Action": 10
        },
        "0xf701-0x220000": {
          "Text": "[1;2B",
          "Action": 10
        },
        "0xf70a-0x20000": {
          "Text": "[18;2~",
          "Action": 10
        },
        "0xf729-0x40000": {
          "Text": "[1;5H",
          "Action": 10
        },
        "0xf72b-0x20000": {
          "Text": "[1;2F",
          "Action": 10
        },
        "0xf700-0x220000": {
          "Text": "[1;2A",
          "Action": 10
        },
        "0x30-0x200000": {
          "Text": "0",
          "Action": 12
        },
        "0xf705-0x20000": {
          "Text": "[1;2Q",
          "Action": 10
        },
        "0x31-0x200000": {
          "Text": "1",
          "Action": 12
        },
        "0x33-0x200000": {
          "Text": "3",
          "Action": 12
        },
        "0x35-0x40000": {
          "Text": "0x1d",
          "Action": 11
        },
        "0x34-0x200000": {
          "Text": "4",